{"cameraMode":{"drawMode":0,"name":"Shaded","section":"Shading Mode"},"sceneLighting":true,"audioPlay":false,"sceneViewState":{"m_AlwaysRefresh":false,"showFog":true,"showSkybox":true,"showFlares":true,"showImageEffects":true,"showParticleSystems":true,"showVisualEffectGraphs":true,"m_FxEnabled":true},"in2DMode":false,"pivot":{"x":0.4120355248451233,"y":13.812215805053711,"z":-4.118836402893066},"rotation":{"x":0.012505955062806607,"y":0.9787696599960327,"z":0.06291336566209793,"w":-0.19453881680965424},"size":13.997108459472657,"orthographic":false}